مقرلا,)ج/١( مقر قحلملا,ةحفصلا مقر
١,لمعلا ةرشابم نأشب )1( مقر رارقأ جذومن,84
٢,ةفيظولا لوبق نأشب )2( مقر رارقأ جذومن,85
3,دعاقت شاعم يضاقت مدع نأشب )3( مقر رارقأ جذومن,86
4,ةيعامتجلاا ةلاحلا نأشب )4( مقر رارقأ,87
٥,يحصلا نيمأتلا دهعت نأشب )5( مقر جذومن,88
٦,هيلع نمؤملا ةمدخ ءدب ةرامتسا نأشب )6( مقر جذومن,90
7,نييعتلل حيشرتلا ةلاسر / نييعتلا ةلاسر نأشب )7( مقر جذومن,91
8,رابتخلاا ةرتفب صاخلا يرهشلا ةءافكلا ريرقت نأشب )8( مقر جذومن,92
9,رابتخلاا ةرتفب صاخلا يرهشلا ةءافكلا ريرقت نأشب )أ/8( مقر جذومن,94
١٠,اهجراخ وأ ةلودلا لخاد ةيبيردتلا تارودلا نأشب )9( مقر دهعتلا جذومن,96
١١,ةزاجإ بلط نأشب )10( مقر ةرامتسا جذومن,97
١٢,ةلودلا لخاد ضيرم قفارم ةزاجإ بلط نأشب )11( مقر جذومن,98
١3,"تاساردلا ةعباتمل يلكلا غرفتلا ةزاجإ نأشب )أ-12( مقر دهعتلا جذومن
ةلودلا جراخ ايلعلا",99
١4,"تاساردلا ةعباتمل يئزجلا غرفتلا ةزاجإ نأشب )ب-12( مقر دهعتلا جذومن
ةلودلا جراخ ايلعلا",100
١٥,"يف تاملظتلا ةنجلل ىوكشلا وأ ملظتلا نأشب )13( مقر ةرامتسا جذومن
ةيموكحلا ةهجلا",101
١٦,"دراوملل ايلعلا ةنجلل ىوكشلا وأ ملظتلا نأشب )14( مقر ةرامتسا جذومن
ةيرشبلا",102
١7,ةمدخلا ةياهن ةلباقم نأشب )15( مقر جذومن,103
١8,هيلع نمؤملا ةمدخ ءاهتنإ ةرامتسا نأشب )16( مقر جذومن,106
١9,ةموكحلا يفظومل ةينوناقلا نيميلا نأشب )17( مقر جذومن,107
